[
  {
    "user": {
      "type": "player",
      "name": "AstroPowerX",
      "uniqueId": "949f22d8-8ece-4f65-90f3-09949f4dd4c4"
    },
    "time": 1725721560987,
    "type": "Profiler",
    "data": {
      "type": "url",
      "value": "https://spark.lucko.me/tq0j40rXpJ"
    }
  },
  {
    "user": {
      "type": "player",
      "name": "Scampton",
      "uniqueId": "6a7133ca-0ede-11ef-b069-f02f74958d22"
    },
    "time": 1717234379680,
    "type": "Profiler",
    "data": {
      "type": "file",
      "value": "C:\\Users\\User\\AppData\\Roaming\\.minecraft\\versions\\beta 2\\config\\spark\\profile-2024-06-01_12.32.58.sparkprofile"
    }
  },
  {
    "user": {
      "type": "player",
      "name": "Scampton",
      "uniqueId": "6a7133ca-0ede-11ef-b069-f02f74958d22"
    },
    "time": 1717172640739,
    "type": "Profiler",
    "data": {
      "type": "file",
      "value": "C:\\Users\\User\\AppData\\Roaming\\.minecraft\\versions\\beta 2\\config\\spark\\profile-2024-05-31_19.23.58.sparkprofile"
    }
  }
]