{"whirl":{"width":16,"height":16,"show":true},"naiad":{"width":13,"height":20,"show":true},"drakaina":{"width":16,"height":16,"show":true},"minotaur":{"width":20,"height":12,"show":true},"siren":{"width":16,"height":16,"show":true},"shade":{"width":16,"height":16,"show":true},"arachne":{"width":16,"height":16,"show":true},"ara":{"width":16,"height":16,"show":true},"triton":{"width":16,"height":16,"show":true},"gorgon":{"width":20,"height":13,"show":true},"circe":{"width":16,"height":16,"show":true}}